"Symbol","GSM648313_01_3328","GSM648314_01_cont_3879","GSM648315_02_3329","GSM648316_02_cont_1816","GSM648317_03_3330","GSM648318_1_03_cont_1490","GSM648319_04_3326","GSM648320_04_cont_3795","GSM648321_05_3327","GSM648322_05_cont_3871","GSM648323_06_3331","GSM648324_06_cont_2872","GSM648325_07_3332","GSM648326_07_cont_3825","GSM648327_08_3333","GSM648328_08_cont_1922","GSM648329_09_3616","GSM648330_09_cont_3876","GSM648331_10_3617","GSM648332_10_cont_2833","GSM648333_11_3612","GSM648334_11_cont_3872","GSM648363_12_3613","GSM648364_12_cont_3874","GSM648365_13_3618","GSM648366_13_cont_3868","GSM648367_14_3619","GSM648368_14_cont_1934","GSM648369_15_3620","GSM648370_15_cont_2859","GSM648371_16_3621","GSM648372_16_cont_1387","GSM648373_17_3622","GSM648374_17_cont_2834","GSM648375_18_3623","GSM648376_18_cont_3723","GSM648377_19_3624","GSM648378_19_cont_2800","GSM648379_20_3625","GSM648380_20_cont_1467","GSM648381_22_3829","GSM648382_22_cont_2836","GSM648383_23_3830","GSM648384_23_cont_1405","GSM648385_24_3831","GSM648386_24_cont_2871","GSM648387_25_3832","GSM648388_25_down21_3626","GSM648389_26_3833","GSM648390_26_cont_1415","GSM648391_27_3834","GSM648392_27_cont_1574","GSM648393_28_3835","GSM648394_28_cont_3335","GSM648395_29_3836","GSM648396_29_cont_3873","GSM648397_30_3837","GSM648398_30_cont_2689","GSM648399_31_3838","GSM648400_31_cont_3334","GSM648402_32_3839","GSM648404_32_cont_1416","GSM648406_33_3840","GSM648407_33_cont_1491","GSM648409_34_3841","GSM648410_34_cont_3869","GSM648412_35_3842","GSM648413_35_cont_3757","GSM648415_36_3843","GSM648416_36_cont_3759","GSM648417_37_3844","GSM648418_37_cont_2799","GSM648419_38_3863","GSM648421_38_cont_3877","GSM648422_39_3864","GSM648423_39_cont_2801","GSM648424_40_3865","GSM648432_40_cont_3749","GSM648433_41_3866","GSM648434_41_cont_3878","GSM648435_42_3867","GSM648436_42_cont_3875","GSM648438_1_45_3870","GSM648439_45_cont_3880"
"",2288.58287924821,2258.98734189797,2380.62115236338,2432.49612717529,2037.96218549966,2128.14289052702,2207.76815322763,2096.25751970893,2012.44826730591,2292.23763370876,1987.97060531924,2418.9814188075,2382.65462409177,2488.40950530985,2223.88517533231,2575.8037883951,1959.7670264168,1744.49362904824,1995.25410969609,2005.41067976361,2697.0868993291,2225.23049408869,2274.22332336786,2448.31447350962,2676.65453843084,3037.5009453307,1865.70434270828,2114.3648454607,1668.40388221131,1921.12843998531,2348.10099436639,2558.43195908616,2386.21755763051,2466.56877308515,2221.85969607108,2407.43132118786,1967.16388302935,2425.517750329,2331.17966226772,3006.01619870916,2016.5526161703,2399.11923846958,2126.16564610155,2196.02776302548,2110.85118547182,2185.71164004845,1706.52090756833,1855.25502118568,1449.44075910949,2525.97492794113,1858.46002839897,1946.06034498084,1862.85277240343,2185.83433465451,2248.23029894088,1922.5524819175,2271.55863611428,2545.83791785593,1981.37349400273,2170.63973647553,1811.74476988817,2484.12435525301,2098.98993115565,2223.70828283959,2442.70443946097,2302.12786650459,2613.37006624159,2632.78368287388,2410.27507647909,2262.52758034742,1842.38881448376,2076.67050658238,2175.75526383533,1985.12543797992,2342.35626225144,2146.74440936095,2161.34716121184,1971.77579839389,2333.20252585804,2633.78204285885,2148.81737970321,2344.25812567264,1997.39656665609,2166.08688909723
"ACVR1C",13.725,16.62905,20.96898,17.57462,3.944864,8.367423,6.001094,7.45769,8.289012,4.055389,9.645504,8.48496,11.39666,4.803396,5.705937,9.21839,6.231932,5.734872,3.237845,3.702166,6.946788,12.78868,9.480718,22.52297,3.460091,23.9324,3.571689,7.55594,7.127902,7.270218,4.998411,12.16649,2.802845,10.99179,2.842707,6.508103,3.440579,5.210208,9.175501,37.20943,2.305995,12.81449,2.497937,6.39286,3.768611,3.718396,3.90335,3.823194,6.429728,4.471602,2.452956,2.459766,2.294442,14.94962,7.917593,2.437001,7.297263,5.50099,9.889013,16.51662,2.427184,6.372025,7.589469,7.050449,30.45842,8.594346,2.693312,3.088898,4.570714,3.965631,2.62321,16.89234,8.770371,4.659183,2.62018,2.378676,11.4424,3.222707,81.53224,18.26635,3.649162,2.417831,3.546943,9.354641
"CACNG7",7.022184,4.575923,3.432155,3.368466,2.258308,1.93369,3.242395,2.745486,2.675087,3.284699,2.10831,2.506417,2.833746,3.118199,2.735864,2.952975,3.404035,3.239679,3.335017,3.684984,3.718645,2.520459,2.468525,2.771764,3.366644,2.928354,3.448553,2.623106,3.369461,4.544309,3.84524,3.938923,2.384095,2.239048,2.447868,2.411902,3.438878,4.469453,2.350307,2.688189,2.353554,2.896252,2.259369,2.074512,2.532155,3.372009,3.727799,2.659802,2.495674,2.90011,2.493106,2.455876,2.289971,2.593928,2.302411,2.26712,2.922255,9.278535,2.106316,2.000265,2.518764,3.16151,3.122873,3.47112,3.10743,2.849643,2.640248,3.008357,2.872882,2.985337,2.676813,2.541528,2.09908,2.043873,2.635221,2.38005,3.011245,3.191987,2.759459,2.462641,2.634039,2.420564,3.985551,2.002559
"CCAT1",3.305624,3.354388,3.852351,6.621081,2.646172,2.24908,3.692261,3.309854,3.305797,4.056235,2.43782,2.926175,3.600841,3.924756,3.480688,3.760033,4.078099,3.863487,3.904205,4.412825,4.551318,3.147858,2.816177,3.205946,4.342767,3.6774,4.256392,3.192625,4.124161,5.596357,4.686955,4.901381,2.83924,2.77687,3.027619,2.938323,7.545107,5.5398,2.789808,3.259501,2.724393,3.263661,2.641326,2.452525,3.107652,4.151998,4.493739,3.158084,3.002263,3.367046,2.956272,2.974789,2.681747,3.031396,2.773719,2.726577,3.69566,3.708035,2.52849,2.383393,3.054428,3.807771,3.608386,4.105699,3.88065,3.535535,3.243972,3.722644,3.697583,3.833719,3.321205,3.14758,2.548583,2.419919,3.316321,3.012728,3.618341,3.818743,3.254101,2.869435,3.240272,3.028633,2.296461,2.422215
"CCBE1",2.792346,2.788885,3.469106,3.412142,2.265678,1.933096,3.268385,2.805996,2.774149,3.419207,2.091232,2.488517,2.891599,3.183453,2.854325,3.143053,3.501247,3.292029,3.468483,3.933502,3.866115,2.601708,2.461325,2.798007,3.573728,3.03342,4.636255,3.075932,4.099562,4.662601,11.5483,4.041511,2.382173,2.296385,2.512097,2.451041,7.555781,4.69749,2.383368,2.717518,2.429335,3.147266,2.2661,2.092766,2.65152,3.452384,3.878156,8.183878,2.52074,2.875162,2.557964,3.637416,2.323825,2.678583,2.401151,2.324404,3.025429,3.058182,2.096756,2.019134,2.533026,3.22791,3.27149,3.500764,3.277102,3.210315,2.70267,3.060287,3.068361,3.251391,2.784529,2.60869,2.085997,2.028562,2.772734,4.200023,3.118412,27.13508,2.843194,2.487001,2.739267,2.511439,1.916517,2.009713
"CELF4",8.367361,3.629627,18.071,15.74432,17.09222,24.03915,10.14338,9.870274,6.097109,3.568966,13.12846,10.58376,8.524215,11.20295,6.682385,8.195289,5.372842,3.436938,5.405887,7.510976,5.092463,6.596098,13.34021,9.343039,3.94067,10.1543,3.767736,2.957554,3.829786,5.015825,4.184202,4.328084,10.95248,14.0944,9.082561,5.707439,9.20607,12.45928,9.916581,7.710949,24.50958,18.65877,21.61117,10.93666,5.084019,5.628725,4.137017,2.999318,3.514504,13.43128,2.653361,2.642401,10.10771,6.005768,2.525392,5.088345,6.402011,9.792152,10.44846,8.578968,4.583022,4.976862,5.44548,3.707593,5.304707,3.450177,9.612697,4.357863,7.67305,3.395856,4.266841,3.621607,12.9604,6.757283,3.022964,10.98357,3.347185,4.40669,21.65238,16.98723,4.898211,9.413264,12.38397,13.11192
"COLGALT2",3.372656,3.402579,3.960089,3.991272,2.732412,2.273958,3.684678,3.335165,3.373701,4.073549,3.085455,2.935131,3.515022,3.94223,3.496548,3.795295,4.14442,3.864288,3.849159,4.358631,4.516242,3.071883,2.832866,3.253403,4.306191,3.655431,4.229191,3.119924,4.129972,5.505679,4.625646,4.863028,2.777906,2.694807,3.008726,2.927401,4.330256,5.512351,2.716144,3.309809,2.7188,3.267013,2.546317,4.206809,8.325983,4.038516,4.507364,3.096268,2.830795,3.231307,2.946451,2.958152,2.768774,2.988007,2.727483,2.759676,4.512442,3.645134,2.532397,2.410668,2.934048,3.828906,3.651562,4.028094,3.990018,3.572265,3.17614,4.677744,3.662073,3.614449,3.328346,3.207863,2.51614,2.401896,3.31747,3.04338,3.655031,3.846314,3.250001,2.896233,3.274193,2.997403,2.227385,2.338909
"DNAJC18",29.18736,44.78349,37.3358,35.30723,17.30383,21.066,21.26157,29.01934,12.29345,33.16353,23.51274,39.83509,25.93333,30.40853,20.26806,33.85156,27.53238,15.55715,13.60092,21.44402,23.14577,20.50611,22.36897,36.83138,25.34718,29.59945,8.332969,26.90554,6.584855,15.66196,29.53464,145.7029,33.48768,44.86619,26.00069,30.81096,17.76562,37.05881,23.96133,38.31424,19.60576,47.20594,22.50665,18.85585,26.58916,31.95668,6.746124,18.08696,15.07295,32.86306,9.418391,19.21264,11.60566,40.43549,18.16769,16.14435,24.05143,29.10732,16.14619,44.44618,7.882012,26.01701,22.66869,19.06305,31.58187,31.4752,31.3096,38.57058,30.8986,18.67298,14.27594,37.82852,22.23953,20.68503,28.0983,13.03287,26.88276,23.85933,197.751,42.65522,15.74752,21.06333,18.3878,21.15175
"FAM133CP",133.8811,154.6318,175.2512,145.9613,113.937,117.8635,178.998,134.6101,82.32219,179.0192,117.5673,204.4019,177.7222,133.7801,154.3775,177.2533,94.65251,97.58114,79.6941,139.1524,124.3893,172.3783,110.4718,176.0686,178.5604,250.0531,76.10667,100.3416,17.93968,129.3775,90.92422,168.5938,148.4156,295.9861,69.57989,186.0996,77.3223,162.8804,138.3581,319.5746,86.91248,138.4738,110.8921,181.8484,135.8357,151.5628,85.24996,90.03808,128.6014,180.0564,71.16128,69.49167,100.4546,224.5183,142.0636,69.73756,131.8124,170.4892,86.60452,239.5561,66.89797,177.4468,168.212,129.053,204.9629,155.8837,99.61859,262.0972,130.7278,111.8875,76.61891,161.1617,146.4275,139.578,49.71607,103.1646,102.7174,136.7609,192.8243,286.6167,111.7026,172.5208,158.4029,162.3808
"FAM166B",6.368495,4.382929,13.78378,12.1534,4.844183,5.676499,9.304728,9.044492,3.247353,8.007447,6.027006,8.218996,4.008605,3.846976,7.087381,4.301731,4.134049,6.677168,4.2909,5.444319,5.994101,3.069457,3.55546,10.69957,4.195075,6.37647,4.224212,3.274712,4.402343,5.606822,6.063934,12.09451,4.848719,2.73853,6.032532,2.883552,4.304606,5.437149,3.511925,7.702258,7.971564,9.058471,2.644515,6.762069,4.908916,4.052491,10.46265,3.282988,4.482284,14.78379,2.881702,4.521276,4.196707,10.51469,2.829788,2.786747,5.489153,4.493838,2.540009,2.557259,9.132554,4.898937,8.870818,4.586191,5.92891,18.84409,5.250908,6.165482,13.79847,3.52419,4.237875,5.61693,4.531973,2.501346,7.219788,10.70461,3.752778,3.948756,6.442281,10.69848,15.51112,30.35057,5.791131,6.227794
"FAM229B",2.842871,2.698267,3.892795,3.40574,2.282493,1.872426,3.211102,2.937364,2.607252,3.243045,2.038904,2.495964,2.778388,3.063693,2.687916,2.908011,3.364374,3.241978,3.190929,9.825097,3.690414,2.473659,2.440666,2.753569,6.985363,2.815297,3.506593,2.6124,3.374153,4.625565,3.760381,3.92588,2.352002,2.196099,2.383943,2.374274,3.357597,4.491408,2.300423,2.772673,3.318857,4.111005,2.185268,2.028947,2.374904,3.219836,3.840822,2.615609,2.513437,2.850857,2.427323,2.421497,2.265628,6.15267,2.194242,2.196026,2.89594,2.990396,4.330019,3.118309,2.381217,3.053587,3.012389,4.435184,3.06504,2.758999,2.619075,3.007713,2.788516,2.793865,2.569528,2.47511,2.085956,2.0274,2.575192,3.113032,3.052306,3.196289,2.650592,2.428501,2.653999,2.369738,1.859338,2.126675
"GINS3",35.8806,33.90186,33.20798,40.27464,17.85897,29.75655,29.59707,30.95764,16.61409,30.34204,19.49372,28.17179,26.27944,31.71339,16.93878,28.5656,18.48519,16.09512,11.91636,19.44503,29.69817,25.17363,26.66151,31.50004,22.33746,66.20763,9.490093,23.67827,10.61967,12.22797,24.27908,15.51032,30.84165,48.30958,20.66907,41.37412,23.93109,24.74037,27.08755,56.08179,23.27541,33.57162,20.25163,28.72583,28.61558,24.15847,10.39462,14.23734,23.41409,36.03211,10.46274,13.57071,26.15411,37.29365,28.92895,24.19536,24.77895,24.78584,21.3638,28.14572,20.32597,35.91952,12.92042,30.76909,35.45258,22.88478,33.27218,45.02694,22.36459,26.15467,17.86532,26.37297,16.01369,25.06489,20.4245,24.16563,22.39564,23.13768,35.64134,35.69086,29.60632,26.27256,22.91532,23.80928
"GUCY2GP",33.37593,10.42766,42.03224,31.15747,55.10528,147.2627,27.34528,11.57568,66.61275,9.666372,50.90704,33.24464,46.18388,50.00074,63.85053,19.49246,32.70167,11.48351,14.51357,40.20428,53.9676,17.25062,37.76948,11.22716,29.84248,13.11328,31.9936,7.646596,21.65409,11.6877,41.07985,15.5308,37.13514,21.30156,106.4172,13.95767,56.27298,110.9082,35.43217,14.02611,72.97532,54.13327,72.12575,26.30723,16.66019,17.8391,11.60309,27.36038,8.386002,27.31178,33.49685,16.01848,60.34025,29.86795,20.1274,68.65779,34.87714,58.80404,33.95583,23.17756,19.44894,18.18274,9.156515,20.86996,3.503142,14.00938,34.40515,9.437955,77.1278,39.71063,35.84404,14.26605,44.26916,17.2739,10.59698,64.58595,7.88002,5.297596,31.69555,26.09358,40.27419,22.1441,27.099,27.84655
"GUSBP10",18.9227,18.31845,13.21741,14.18369,13.95017,8.206048,14.59851,8.505162,11.36472,19.83636,19.08175,18.51047,16.19474,22.30385,34.2793,24.06661,12.432,11.98963,14.60747,9.461007,10.35773,8.233682,12.69729,20.03504,9.590043,21.7796,11.06018,12.72677,5.915144,23.44006,12.95551,6.071715,23.54584,26.89213,6.619404,18.36952,6.146462,16.37413,21.51254,23.33006,3.017724,15.06855,10.89915,9.671523,19.46575,19.24489,16.17275,5.826358,12.42538,24.12114,7.858606,5.058157,4.546276,17.9533,11.75532,3.450292,15.65494,13.53013,12.8747,31.89927,7.702489,6.619836,26.4516,4.540206,26.2669,15.28612,16.68353,17.85153,13.68586,19.62838,16.14747,21.22359,10.12441,13.21495,10.66481,18.67347,24.81165,20.0466,22.25253,21.75526,8.775602,10.71732,10.74644,16.05342
"HBB",627.8322,569.355,610.0742,541.4713,571.5719,343.9792,557.4421,665.0213,419.5862,612.4055,636.0668,595.5718,620.5127,696.0453,552.6339,558.2708,723.5457,564.5818,631.2047,484.6534,742.011,781.1845,617.6355,619.4201,773.2885,589.926,544.6386,470.4768,683.0417,411.4425,750.927,1290.309,763.1185,514.7146,735.1726,627.4499,757.7017,564.4523,730.274,602.1395,509.8478,521.2539,812.4415,1236.255,584.2596,525.3518,578.6769,619.2198,630.8664,618.7298,645.4521,606.8741,482.1764,469.0032,549.7653,578.6237,689.8279,663.1184,622.9582,556.7039,544.9129,677.2333,691.3796,633.9211,651.9047,638.0488,797.328,718.7287,587.0584,612.8512,586.7189,545.5824,662.2741,643.3865,792.3784,476.0351,634.8532,654.0554,760.0166,635.9619,654.1103,612.6532,561.4384,556.0228
"HCG25",51.5966,57.06403,87.55083,69.0155,103.4968,436.4748,51.87235,59.48298,66.87529,96.51385,177.9347,260.6829,278.7183,255.2693,550.7442,233.929,122.4909,78.3085,172.9048,95.84855,355.5718,143.2256,92.89414,63.52602,493.7285,135.0943,119.6247,130.2707,31.71706,132.7503,236.3449,111.4381,149.1624,137.2537,158.4741,82.71534,82.54076,114.8146,137.2649,125.1641,205.2816,171.1622,212.9245,227.949,162.4935,144.472,87.35472,171.8025,57.86051,155.7635,300.5332,189.0846,60.20046,50.99812,147.6224,76.65291,68.86349,333.9455,192.8452,137.484,78.62348,98.91398,198.1735,166.9543,44.8322,123.3975,270.5801,119.4092,336.3093,421.5522,155.0398,81.35172,242.6862,85.27987,143.114,75.14121,275.9744,148.4167,94.51544,70.57206,36.85718,81.7622,152.6124,157.3916
"IDH1-AS1",30.34592,23.54395,24.7492,34.23503,18.87829,10.45352,17.6845,23.84918,9.531373,23.56859,27.36431,20.02552,11.18611,19.18425,10.26433,16.7573,13.52308,6.019823,6.962909,7.073083,16.49456,28.37449,16.01714,22.77826,14.49224,31.91993,14.1433,15.92282,6.299814,5.831734,27.3314,15.14253,34.75436,163.0612,18.97175,32.30466,11.59446,23.43482,27.59409,46.98912,7.833525,23.88319,13.86125,22.0136,10.63939,12.70988,5.689379,14.0329,20.35142,20.983,7.213657,13.9514,15.13485,31.79201,15.9763,19.09423,22.97234,20.96655,9.272884,24.222,14.70301,17.31363,25.45191,22.1548,35.59645,15.84197,20.12319,19.95658,11.15883,16.32185,14.00061,24.1706,13.08696,10.56684,18.77355,14.08645,18.43181,15.68187,40.35367,34.68822,11.47067,28.56361,29.38383,17.29973
"ITGA2",10.88094,18.15885,15.93063,10.31317,2.786639,9.725481,3.77485,13.4497,6.825653,10.32929,9.284768,10.96931,14.60203,17.7975,10.1476,15.22366,13.47247,9.110045,11.37439,14.70891,13.62398,2.930395,8.704084,8.295793,26.1934,18.72454,6.834111,6.117044,13.00448,47.89977,4.925247,9.114389,10.22428,17.44227,3.996227,4.148004,4.037616,12.24042,11.56102,10.33828,2.679584,5.124286,9.095773,4.812869,3.485323,15.24368,14.2913,9.333074,2.728789,13.38937,6.343972,5.222637,12.88446,34.62289,22.254,4.148148,12.47037,4.706761,8.307328,12.12336,2.867029,6.994187,11.17887,5.38061,10.90999,5.045357,10.18414,16.08,4.477688,7.51067,21.89177,20.86411,12.774,5.757955,11.22706,3.404319,5.264145,13.81571,14.46889,2.807875,3.211591,7.330186,6.753911,6.195595
"KBTBD12",2.969307,2.830747,3.522836,3.538673,2.440485,5.964095,3.307778,2.898329,2.756059,3.385799,2.758601,2.571715,2.878189,3.167413,4.651668,3.048633,3.485954,3.348747,3.328292,3.82216,3.841543,2.552461,2.511652,2.85345,14.27403,3.69003,3.603763,2.740056,3.483318,4.786715,3.877803,4.049505,2.402777,2.277825,2.445557,2.442744,3.503533,4.668046,2.375682,3.302036,2.405538,2.975074,2.226908,3.127028,2.462925,3.32217,4.113849,2.738353,2.560209,2.917096,2.528609,2.498281,10.8659,2.833134,2.28966,2.256905,2.985554,3.074765,2.170103,2.074133,2.914115,3.177189,3.12713,3.599953,3.231465,2.88586,2.713118,3.076925,2.918248,2.979087,2.689167,2.569395,2.13914,2.079302,2.70959,2.439368,3.175519,3.31829,2.74877,2.513277,2.759962,2.46982,5.450221,2.505406
"KIF19",333.0363,93.31282,266.4795,360.9764,342.3839,190.409,153.5539,343.4467,110.7616,549.8691,138.9521,229.0571,192.4295,194.6135,192.0486,454.8893,261.8746,84.49419,99.93392,182.4369,681.618,183.8574,222.591,174.4777,213.9428,267.43,181.7339,357.2121,237.4835,84.75381,548.8113,141.3173,113.0763,164.9615,245.5079,737.9501,164.7893,221.9219,135.8142,329.5853,142.4468,350.1277,176.6704,454.3821,182.4715,783.0928,169.8291,125.9447,253.2397,152.3035,125.844,165.0874,140.4809,264.3206,225.0727,181.1328,370.8883,127.0866,154.7065,498.3609,308.6073,423.514,133.0021,212.408,107.1855,110.3855,469.268,189.0527,240.9856,258.6723,131.181,115.9887,273.6284,114.4288,202.1126,196.9641,322.7333,204.1075,335.0152,138.1226,266.311,176.3137,139.6214,85.59154
"KLRF2",2.859884,2.796783,3.425136,3.429797,2.259321,1.96187,3.276474,2.815663,2.74341,3.38223,2.137331,2.554755,2.985708,3.268161,2.863886,3.08497,3.465769,3.312683,3.391227,3.776306,3.791905,2.623818,2.503066,2.812174,3.575413,3.069355,3.589711,2.693845,3.498084,4.766619,4.004619,4.115743,2.453594,2.354972,2.540387,2.489291,3.606623,10.23631,3.472319,2.780578,2.370849,2.908522,12.06212,2.132814,2.605811,3.522596,3.819934,2.680019,2.602541,2.971138,2.517869,2.511895,2.331268,2.642173,2.331866,2.32212,3.06171,3.111705,2.159056,2.059918,2.601014,3.230799,3.147762,3.549841,3.196467,2.88498,2.733256,3.147517,3.007442,3.028946,2.722595,2.613317,2.165047,2.10089,2.7624,2.49486,3.096937,3.270771,2.785348,2.493325,2.710345,2.51163,1.983096,2.088325
"LINC01061",2297.742,3060.155,2346.565,1953.253,2070.907,1400.788,4069.889,1333.862,2697.84,3834.079,1866.747,2244.731,2516.933,1521.676,2908.572,2571.459,2376.768,2830.465,1567.007,3022.5,2063.747,1608.524,1775.937,2264.372,3267.756,3175.92,1922.016,1638.083,1289.722,3248.078,2830.409,1014.64,2942.817,2802.276,3529.08,1655.697,2459.362,1822.176,3289.297,2090.05,1332.318,2116.315,2953.918,665.3065,2727.47,1909.73,3044.088,2673.075,2374.957,1376.096,2749.335,856.8997,1298.839,1350.129,2372.363,2291.571,1668.353,2030.135,2531.713,3842.568,1519.855,1657.803,2786.05,1719.063,1593.269,2561.568,2798.188,1348.273,4094.448,1914.036,2254.562,2777.107,2288.512,2314.231,2242.281,2431.732,1409.324,1928.865,1261.894,2763.109,2103.027,2503.613,2152.899,1857.235
"LOC100128993",3.030759,3.045403,3.632291,3.641651,4.107443,3.210898,3.452013,3.034108,2.985632,3.617313,2.1669,5.383902,3.117391,3.460842,3.25743,3.517544,3.74831,3.491322,3.873636,4.65082,4.125005,2.833387,2.643493,2.974415,4.008024,3.335198,3.835277,3.013788,3.918774,5.100635,4.250713,4.324994,2.514449,2.519079,2.684565,2.614095,3.96674,5.068558,2.863276,2.904589,2.561663,3.041534,3.117693,2.209477,2.854326,3.727708,4.203508,3.06476,2.802936,3.070843,2.712321,2.687212,2.417837,2.830347,2.578596,2.508621,3.331208,3.320717,2.253849,2.203581,2.670883,3.433515,3.740021,3.765666,3.61086,3.500228,2.927622,3.310588,3.452528,3.48906,3.5992,2.768481,2.229494,3.812822,3.07062,2.78074,3.403337,3.598466,2.977933,2.636033,2.965208,2.774117,4.017626,2.131399
"LOC101060524///DRD5P2",8.015329,6.035793,8.653073,3.589748,2.510554,6.065681,8.473128,2.935842,2.871534,50.44579,3.914911,8.922739,5.744015,3.857938,3.013786,7.489517,3.644324,5.651217,3.510906,8.92741,5.418118,2.761716,7.536487,6.856296,4.797125,5.534486,3.708915,2.927005,3.657268,4.889127,4.066161,4.213348,13.21899,7.37931,2.614566,10.37068,3.772752,12.82807,11.02139,2.901258,2.482672,8.353365,3.701102,2.503139,2.753071,4.821139,9.968981,4.180202,3.786039,3.089801,2.695065,2.624168,2.410503,8.167295,14.78535,5.300883,9.769209,4.390007,3.635441,8.391879,2.726485,7.265076,3.308927,3.720925,3.728027,3.640998,2.879554,6.398161,3.138341,3.50963,3.852492,2.727821,4.828046,5.492673,2.839832,4.138896,3.17808,7.745423,3.318402,7.424086,2.819746,9.061343,3.417858,6.793909
"LOC101927211",3.418483,3.820482,4.00936,4.208573,3.097882,2.305107,3.84845,3.471743,3.363376,4.192393,2.526435,2.942816,3.472191,3.877545,3.608352,3.854205,4.20056,4.045559,4.10511,5.04774,4.598025,3.075951,2.880191,3.303531,4.385432,3.60941,4.330407,3.34475,4.360119,5.804552,4.708613,4.835526,2.83833,2.81957,3.016008,2.956678,4.385426,5.587035,2.82233,3.439219,2.839722,3.370722,2.68067,2.446794,3.116343,4.147965,4.76745,3.382249,2.981827,3.385336,2.969771,3.080492,2.687933,3.01237,2.892681,2.79976,3.779398,3.761283,2.534366,2.543316,3.012459,3.942797,4.026097,4.155172,4.072747,3.572026,3.307878,3.747936,3.790247,4.056038,3.432769,3.157803,2.544226,2.429953,3.396323,3.10639,3.810075,4.007464,3.30262,2.929197,3.359537,3.065208,2.301904,2.406481
"LOC341056",57.25983,55.39109,56.22709,57.20732,33.58292,29.79381,61.44573,39.40631,45.69335,74.35459,42.19983,70.99242,60.39197,59.87836,62.77614,87.84467,44.6036,40.90094,34.41093,73.84157,47.22647,48.28604,65.35408,73.2344,45.79297,105.5277,30.63015,71.24627,21.37456,45.95274,77.56655,19.52134,72.21329,113.6258,55.40411,87.88664,30.1179,56.97307,63.18386,115.311,28.5815,69.45601,41.63205,10.59107,69.80851,86.58542,35.63115,36.97667,50.16026,30.56457,36.48048,23.82895,40.56147,100.4848,73.97779,29.10114,56.94198,40.19357,29.35087,95.78762,37.45284,28.51808,57.52627,32.31262,97.89245,81.08518,58.0353,93.2333,47.81873,52.10217,54.67828,96.36558,40.35396,39.71982,68.74397,72.56897,41.50551,52.23694,86.02406,75.05632,34.66366,61.56659,53.1832,55.06472
"LOC389705",416.5301,459.1833,416.8275,600.5785,198.6811,161.4103,500.7193,287.0052,214.9624,488.5747,238.1521,433.7909,274.146,313.706,235.8342,462.0676,218.9749,222.5218,138.2864,233.5041,338.9388,325.9768,385.4445,485.6479,194.0446,681.5539,225.9075,445.5564,63.9045,257.2247,284.4485,405.9411,272.7444,660.124,256.8661,516.1121,121.2165,271.7508,353.464,949.4598,235.5715,584.6451,169.529,290.2677,356.934,524.6997,144.0233,136.2765,359.8802,379.9127,140.1173,180.3589,176.4842,580.8317,384.791,192.504,274.7096,248.526,246.8221,453.9167,266.6331,362.7617,234.073,279.9548,571.0248,476.4389,238.7219,573.9498,243.3618,268.6828,200.411,396.8907,240.3132,235.1402,185.2187,378.3655,415.0913,294.6538,492.9459,473.8993,295.3255,380.3354,288.3835,318.1633
"LOC728739",47.52504,57.09965,41.5609,71.24282,32.57535,51.94582,63.73226,45.49076,34.73845,85.17014,39.23815,70.24914,48.38029,48.77447,40.3727,77.30903,27.95797,39.99457,26.61059,46.38171,49.26395,63.31456,52.92116,72.93936,34.70225,147.0905,22.70952,49.2913,12.9467,43.10509,44.07049,57.75678,60.35135,112.5529,41.17037,82.89831,16.90967,52.62843,65.43912,140.2544,19.65103,63.29954,34.53874,47.37017,49.56792,68.62377,22.57308,18.71993,43.35556,43.52869,18.78304,26.16258,36.80241,109.1568,60.65254,38.00812,43.59725,50.82691,36.68885,74.02876,40.08709,96.40768,42.58216,47.95409,92.87663,60.14102,54.51015,89.17188,44.83744,42.92428,29.99951,75.07317,35.18034,49.57151,47.28135,60.65358,47.78314,40.9625,86.02643,84.23391,46.71112,65.72876,61.57058,51.31272
"LRRC3C",6.908411,3.498932,8.011518,12.00294,6.059254,4.246996,6.746437,5.151697,3.007437,3.651404,4.958969,7.517532,3.142779,3.998653,3.370723,3.571908,3.782617,3.52928,3.894837,4.797096,4.117794,2.84866,7.375213,5.052955,4.026939,3.349073,3.865528,3.033592,3.956602,5.154564,4.270653,4.318765,2.538076,4.195118,3.361657,2.638239,3.969712,5.079243,7.056413,3.832697,4.949088,7.886548,4.579461,3.402676,4.956502,3.750232,4.245585,3.05496,3.427472,5.119446,2.687692,2.701629,4.364342,2.86135,7.978792,2.524368,3.373705,4.021333,2.280317,2.395464,2.660154,3.46343,3.762488,3.803789,3.663204,3.459806,3.283125,3.344677,3.510882,3.425459,3.040173,2.784183,2.823546,2.772835,3.087875,2.804116,3.433225,3.607039,2.976287,2.646367,4.908972,2.794182,2.506593,2.142771
"NDUFAF4P1",2.76863,2.750284,3.446611,4.471626,2.239493,1.92371,3.247224,2.780753,2.74465,3.377688,2.878848,2.471847,26.17065,3.151304,2.819158,3.443757,3.465984,3.261429,3.435933,3.894073,4.769609,4.494696,2.448411,4.010837,4.192328,14.72604,3.491809,2.716238,3.460397,6.221565,3.906919,4.001014,2.365391,2.272642,2.487691,2.427034,3.540986,4.632945,2.362134,2.690155,2.405961,6.606864,2.253577,2.078239,2.615418,3.418181,3.836662,2.787075,2.497679,2.857978,2.529443,2.493013,2.308168,2.667035,2.366117,2.3026,2.988459,3.027303,2.08208,2.002852,2.508278,3.194054,3.225766,3.474579,3.236355,3.151376,22.51676,6.838155,3.02503,3.180262,2.745535,2.581883,2.074167,2.017177,2.738255,2.487609,3.090084,5.677209,2.814405,5.128438,2.707214,2.475409,1.901862,1.993959
"OPA3",1073.719,1067.663,1178.828,987.4011,515.7272,521.6235,969.0957,1143.746,406.9211,990.9249,501.042,723.7635,566.5804,781.9403,579.5011,708.7805,637.4023,551.2087,522.5816,503.3055,741.2973,844.2864,1055.814,1337.808,648.4711,977.9789,398.8301,698.6482,658.3591,437.19,1202.539,656.7658,1127.281,1110.378,829.0527,1134.73,475.5382,622.991,972.8757,1046.846,618.4835,1033.384,642.5546,578.2985,944.8954,912.8945,692.1142,587.2331,1314.505,943.9818,521.558,402.2662,403.3136,1233.507,968.5898,340.4761,886.8367,463.9303,501.666,1012.126,561.1749,885.4623,787.6266,578.0608,1069.814,619.0232,859.9843,847.3945,673.3438,651.15,691.6392,993.5497,578.8759,524.7749,1173.428,651.2225,573.8932,766.2628,1205.593,874.7251,683.4478,748.601,802.3061,609.2042
"OR51Q1",2.932021,2.772073,12.93484,3.487411,5.173873,2.311672,6.684755,2.851839,2.697902,3.335607,2.061347,2.549901,5.585833,3.138422,3.641598,2.979331,3.440679,3.30838,3.273707,3.747302,3.791335,2.53498,2.485318,2.814651,3.446347,2.868941,3.562339,2.689071,3.441868,4.710677,3.829923,4.006028,2.388055,3.046591,5.393273,2.421035,3.44261,4.625503,2.341429,2.822378,6.360761,7.201628,3.046767,2.058853,2.419046,3.27195,3.915391,2.678344,2.556091,2.892705,2.482089,2.456453,2.294674,2.525648,2.248281,2.224555,2.944562,3.045487,2.923289,2.056465,2.396111,3.116936,3.089475,3.5672,3.146575,2.801174,2.688296,3.056066,2.851361,2.837778,3.653499,9.382385,2.121598,2.054913,2.632403,2.375139,3.128317,3.255303,2.703486,2.477444,2.721733,4.52606,1.885108,2.554831
"OR8G2",3.984362,2.994757,7.418023,3.679452,7.629003,5.450059,3.475336,3.055235,2.957777,3.785168,3.451878,4.544131,3.235437,3.562075,3.178337,3.479954,3.734112,3.582237,3.546814,4.026586,4.216007,2.874624,2.583327,4.53183,4.065435,3.29965,3.926,4.529553,3.856751,5.163731,4.24542,4.427823,2.611105,2.49006,2.718802,2.708879,3.910782,5.168537,3.223371,3.075881,5.033367,3.312955,2.575113,2.208977,2.778414,3.710952,4.22527,2.881003,2.676454,3.050064,2.691584,2.73769,2.490723,3.788537,2.490305,2.893185,3.423938,3.434532,4.339152,2.755426,2.728386,3.452881,3.266169,3.759427,3.557714,3.256283,3.010766,3.44548,3.345673,3.398918,2.976644,2.835854,4.286723,5.528521,3.020873,2.783603,3.35275,3.500322,3.272047,2.614576,3.001205,2.74628,2.06268,4.025603
"PCLO",2.887943,2.857248,3.433022,3.450216,2.270153,1.932489,3.236151,2.818799,2.741886,3.39548,2.088026,2.522089,2.977703,3.25806,2.974273,3.213837,3.495889,3.333078,3.305941,3.779312,3.815835,2.65273,2.470575,2.794238,3.793657,3.066191,3.666452,2.728227,3.59016,4.860297,3.979098,4.14767,2.420476,2.362106,2.551743,2.48422,3.631244,4.691086,2.38121,2.85231,2.330157,2.865425,2.267742,2.095385,2.60376,3.488521,3.924427,2.704592,2.564138,2.904998,2.523726,2.528874,2.373246,2.569816,2.333672,2.32461,3.156281,3.145696,2.157896,2.067387,2.568062,3.22906,3.077177,3.507889,3.296678,3.136648,2.750038,3.169462,3.101427,3.152528,2.748588,2.62793,2.152365,2.096111,2.825202,2.568578,3.119942,3.302848,2.765977,2.472737,2.750106,2.578298,1.947091,2.070348
"PGAM1P4",14.31433,10.29277,12.22782,12.24971,25.84678,23.30604,20.18025,9.637917,23.53861,44.99899,37.99508,36.3259,22.69113,31.98639,31.28813,42.80206,17.94334,26.0105,16.18128,26.01138,20.15067,24.99077,11.4557,21.03257,5.278391,39.20892,13.5404,23.78333,4.610988,33.88695,28.27708,8.206035,44.10987,73.12937,26.1789,35.39627,9.781992,23.32283,39.70144,43.55984,7.129316,23.17884,32.20822,12.99821,17.33424,25.57431,21.21768,18.26001,21.80456,19.13972,12.84131,12.23283,13.42207,37.85545,35.92204,14.86882,20.72451,27.63932,32.74594,62.52754,16.44161,18.27555,35.25216,20.286,37.55311,37.04907,27.61236,41.34106,39.74607,26.53201,24.68093,46.63627,37.11041,28.57099,25.9652,35.46593,19.80671,25.55247,45.93527,34.77899,17.32919,30.31789,37.27869,31.14435
"PKLR",25.87022,20.13066,33.74894,32.95755,31.51356,44.39238,25.41459,26.87101,30.4637,14.17643,41.16141,27.0586,36.74903,28.19485,29.84344,16.83916,23.71637,24.40907,25.50403,23.10195,35.48981,13.58706,31.71211,8.359462,15.87597,15.95175,28.64307,12.86865,16.0479,19.65703,31.21225,19.99282,30.18094,25.39321,51.9606,17.63778,24.35569,42.9484,36.56835,15.35096,42.19328,34.54517,49.84316,19.71504,23.58708,22.37409,24.84016,26.76404,22.8387,14.94881,25.52214,12.60152,28.95058,31.5354,29.04341,24.54638,22.9696,26.63741,30.32226,17.67138,24.76888,19.98907,26.28891,20.02288,8.639225,11.55311,29.42169,7.878035,35.32702,23.34416,20.29679,16.96865,21.15593,17.31009,21.15541,35.91176,17.56632,13.41762,32.37652,24.66038,31.57887,20.28336,29.37972,33.24239
"PLA2G12A",87.6658,89.49835,88.89255,90.86298,41.47527,69.62604,81.17779,44.58254,56.03342,60.24751,71.50218,103.4216,93.56201,63.50475,48.30464,105.9839,37.38992,40.14998,37.59578,63.1079,63.39222,65.50011,66.43619,108.2788,80.60114,76.71892,37.1336,46.89096,8.480645,208.9131,30.92405,71.81866,65.44589,116.4697,44.586,75.49441,26.66478,110.1079,59.7134,143.6422,36.79165,85.33743,38.35437,39.48593,70.5478,109.033,26.54107,30.9047,58.66437,69.15636,38.94837,30.48587,51.04775,148.5749,94.62049,41.22378,50.53768,51.17559,45.89993,88.3248,41.94837,59.73708,41.85197,60.33414,92.51084,66.06708,39.89648,73.90803,56.43711,33.10403,49.24537,109.3106,51.45012,36.63713,13.63079,63.55308,51.92013,42.65665,94.12403,94.89522,57.3124,61.92421,39.26853,60.50185
"PPIAP30",1416.956,2277.831,1269.463,2277.179,1025.6,1363.172,1501.973,1799.824,834.5472,1728.723,795.8091,1846.31,1229.765,1348.609,772.5074,2108.914,953.5392,1084.385,1016.691,1019.971,1598.923,1753.877,1273.46,1939.488,1067.694,4802.313,850.8315,2030.095,523.3842,1140.992,1369.837,2423.268,1460.994,2182.791,1068.823,2260.17,617.9953,1014.784,1464.652,4830.313,933.3474,1956.076,630.9498,1579.374,1271.089,1994.464,337.7493,581.4427,678.6311,1849.878,386.2581,1238.067,1086.391,2088.98,1342.891,924.9273,1005.5,1485.6,1023.306,1255.125,1035.985,2243.005,843.3141,1832.205,2215.424,1824.556,1100.48,3243.898,726.7614,1489.047,618.1067,1348.766,979.5639,1284.509,1771.21,1466.558,2048.479,1577.143,1705.947,1974.806,1204.295,1751.139,1264.669,1335.713
"RBBP4",22.58412,33.99749,28.27206,28.83822,20.22643,18.4853,23.38759,22.3671,10.85843,34.35766,20.60071,30.68096,24.97944,29.88885,20.29694,37.98771,12.04126,21.76814,19.26823,22.15871,27.12667,40.71579,19.1275,36.49683,17.16844,46.10766,12.30846,32.13202,5.173384,18.47363,24.77976,24.23174,33.12897,57.28773,19.26562,43.22229,13.76702,34.33903,27.08894,62.36143,20.21328,30.16578,23.37083,19.58686,28.75816,34.20395,19.94001,11.86048,27.05967,21.04143,13.24709,14.21216,18.79018,91.93252,26.29944,10.10949,30.28411,26.53045,23.08426,32.05814,16.69254,28.10722,31.46784,19.7477,47.78085,31.12001,24.25189,44.03878,26.14703,22.18778,26.98981,37.41098,20.00187,20.59104,12.66103,21.72363,20.45733,20.99385,40.93109,46.0233,22.69718,35.63728,32.03266,28.46671
"RECQL",3.594895,3.720113,4.169143,4.289184,2.848935,2.427172,3.935825,3.625489,3.678314,4.457573,2.600318,3.160654,3.865573,4.330875,3.69905,4.018195,4.480129,4.182866,4.15811,4.718887,4.927946,3.325382,3.018418,3.476089,4.467742,3.968501,4.58606,3.377703,4.404879,5.939899,5.064733,5.354529,3.025783,2.912658,3.305244,3.187335,4.783247,5.992723,2.950074,3.580476,2.950311,3.505108,2.798322,2.623881,3.270474,4.409838,4.876722,3.357004,3.11337,3.491294,3.151862,3.211814,2.957629,3.274453,2.948153,3.003665,4.041559,3.987138,2.73741,2.598586,3.197733,4.132724,3.956177,4.372957,4.256411,3.743147,3.427468,3.976654,3.942699,3.869037,3.611943,3.511268,2.714312,2.582676,3.529407,3.244423,3.965194,4.144543,3.52706,3.123946,3.575344,3.190204,2.441381,2.559444
"RIMKLA",2.663734,2.509856,3.275782,7.0818,3.217561,3.189348,13.40745,2.608082,2.399416,2.980498,5.597919,5.690055,2.577551,2.83456,2.470769,2.670835,3.294685,3.04217,3.007226,3.387453,3.385574,3.11886,2.683893,12.72201,3.121362,2.646602,3.27837,7.090715,3.14956,6.372434,3.540226,3.661726,4.258383,2.496899,2.26348,2.221229,3.093698,4.068268,2.187088,2.57617,2.192194,2.77705,2.773163,1.941199,2.23586,4.324948,3.574229,2.455561,2.581167,2.716272,2.287137,3.361048,2.161723,2.332818,4.03635,2.326775,2.689748,2.770457,1.959741,1.892617,2.282117,7.167611,2.837395,3.268185,2.842606,2.610428,9.230166,2.78443,2.57386,2.629301,2.441123,2.305795,1.97527,2.760724,2.412314,2.17353,31.08047,3.026867,2.51151,2.304886,2.454895,2.230612,2.595066,1.884816
"RPL19P12",28222.6,34542.75,32400.23,32619.46,15574.09,17199.54,24792.01,34695.36,14277.42,29313.44,13248.03,27616.03,21609.56,23751.11,15340.98,29433.17,19424.28,18657.06,17346.8,16277.78,23141.09,29981.91,29360.75,41459.61,22727.8,38238.12,13653.15,27146.14,18212,16052.88,24348.57,30626.94,28790.18,30938.57,18783.61,36463.36,15370.69,18941.66,28774.96,47743.24,16381.72,29521.28,15011.93,19834.96,19607.99,23584.24,11635.06,15153.89,16942.68,36441.36,12199.09,19745.48,15794.78,26352.78,22943.83,11512.39,21885.57,23850.49,14724.05,23124.22,17024.91,32998.98,23579.99,26328.69,40965.05,30537.3,27408.29,39731.81,20089.65,23768.4,17886.41,27233.81,19113.31,18530.71,39612.67,21000.29,27309.04,26280.91,27242.11,37030.22,19176.23,31157.69,20935.14,23543.91
"RPL36A",2.879916,2.822981,3.423909,4.520805,2.263687,1.961728,3.280771,2.830403,2.762486,42.39001,2.138895,8.381882,3.015943,3.299661,2.894478,3.119989,3.484755,3.329678,3.397998,3.793418,4.616332,2.648247,2.934423,8.069583,3.627396,12.79507,3.61821,2.716237,3.530698,4.811354,4.03431,5.946784,2.462902,3.441652,2.559803,5.332245,3.645075,4.627541,2.421643,3.814087,2.40065,3.388296,2.332892,4.261032,2.626608,3.551778,3.845402,3.469293,2.618237,2.975969,2.524849,2.522112,2.343886,3.729969,2.347198,2.373087,3.095739,3.628236,2.1658,2.072567,6.466273,6.180836,3.158259,8.845728,5.851855,2.920781,68.62331,3.172116,3.041673,4.299696,2.740166,2.632058,2.175346,3.195219,2.788305,2.521801,4.39275,3.28653,7.58371,2.998003,4.029457,2.536298,1.99458,2.102503
"SBNO1",678.2002,495.1865,788.9799,478.6676,401.3817,300.723,626.8749,633.2229,311.5045,557.2247,414.5032,540.8443,452.2877,461.3689,436.0169,523.928,434.3071,349.0919,375.9695,438.8307,470.4272,462.2034,603.0804,700.3222,455.3387,512.5035,283.8252,560.3471,312.0037,422.4755,745.7898,496.4174,819.8713,813.9176,548.3796,501.5105,330.4242,420.6108,852.3459,727.8243,369.7591,640.3047,540.1258,551.1646,629.0261,521.7477,389.3954,365.6582,907.1775,623.5634,428.0478,271.0807,270.024,856.6828,559.536,199.4134,529.5866,344.8223,359.8145,597.5353,354.4045,590.9653,534.4524,377.5324,648.2091,462.8112,670.7321,516.2622,405.4377,338.4137,518.6545,636.9438,342.7581,336.9757,615.3987,397.5408,332.9334,463.3751,632.5887,632.2139,347.0557,473.2721,596.7753,413.8165
"SCAI",130.2064,278.6712,194.4281,255.851,98.95855,106.4994,144.2063,103.8387,81.43794,222.687,94.60956,238.74,175.6707,174.5212,140.7927,275.7981,74.67207,122.8935,105.0243,91.7854,156.1976,220.7509,152.45,332.8155,86.75734,359.3473,80.57251,163.7837,19.42482,113.7879,80.72048,231.9833,79.7373,318.0061,55.07075,198.9676,37.21318,168.2313,80.93673,467.2357,87.83172,161.464,39.871,134.4698,124.3167,238.5537,66.34875,49.50799,117.3685,153.8405,65.07015,63.69545,61.31413,263.4955,163.565,82.07879,107.0095,124.5688,100.7009,264.3525,93.26189,181.8299,139.5046,119.0535,380.0224,312.211,43.44433,218.2195,124.0756,144.5976,76.57318,239.6967,91.4899,125.9112,37.89295,135.097,251.0266,127.5279,116.4935,247.9945,128.5942,136.294,60.84198,219.0772
"SCAMP5",58.71812,2.577162,3.604897,8.342993,5.730734,10.51467,5.225498,48.92834,3.822896,3.153787,4.430894,9.520075,3.679225,2.995429,5.363067,2.830519,3.276873,3.116185,3.250916,3.622259,3.565313,2.398364,2.402003,2.680245,33.41007,2.819038,3.320764,2.516051,3.231153,4.389035,3.732867,8.30232,2.297357,3.949447,3.349312,4.889177,3.273061,4.271805,10.13967,3.989465,7.402806,5.359932,3.290318,2.013433,2.417734,3.24708,3.609284,2.564395,2.409837,2.800065,5.7013,2.363464,3.393666,5.039199,2.181523,2.611453,2.795564,4.447289,2.595153,6.043549,2.403815,3.02794,3.013931,3.357409,2.983562,3.092638,2.67659,4.553288,2.752029,2.779636,2.530569,2.436337,7.56542,3.608686,2.537095,2.42673,2.930298,3.097153,2.655596,2.387799,4.2037,2.297761,4.408449,5.12514
"SLC22A24",4.244452,2.798431,3.42348,4.339359,4.672795,1.941874,3.284094,2.87085,2.768258,3.431152,2.71583,4.538104,2.920696,3.226155,3.013944,3.247507,3.504692,3.305297,3.503603,4.196765,3.815843,2.597495,2.489248,4.392861,3.690195,3.066356,3.570879,2.798285,3.579534,4.794758,3.948175,4.004891,2.379293,3.669836,2.506695,2.459437,3.597409,4.672776,2.367455,2.773464,2.4025,2.882092,2.273265,2.084867,3.003898,3.459793,3.941645,2.814419,2.594403,2.868205,2.495039,2.511904,2.287968,2.691724,2.390404,2.318223,3.076185,3.084989,2.094196,2.088086,2.475428,3.232074,3.290975,3.547628,3.357651,3.204763,2.712662,3.082158,3.178492,3.181062,35.11982,2.582419,2.116363,2.031898,2.835168,2.581587,3.170678,3.315103,2.792274,2.468528,2.742273,2.560297,4.383551,2.016667
"SPATA8-AS1",10.48464,8.25982,16.96553,14.67206,10.09307,9.766644,10.02626,2.639679,2.477397,4.599825,5.732506,8.671621,9.624063,8.376792,5.858475,7.235755,3.959815,3.954776,3.079892,3.48396,3.480867,6.52156,3.5572,11.08868,3.317789,6.039432,3.37802,3.589982,3.276803,4.496366,3.666491,3.800235,7.379293,8.893619,4.287069,7.532624,3.243343,4.226562,8.981136,5.435512,5.446793,11.96982,6.092058,4.657034,8.529696,3.427767,3.644286,3.026217,4.748443,2.855677,5.375889,2.332016,4.694398,3.549829,6.026584,2.151343,5.592037,5.908116,4.411897,6.622784,5.711416,2.975696,2.889124,3.316143,2.947259,3.077684,5.566634,6.568047,5.79056,3.788884,5.843706,6.739926,5.415366,5.420939,9.2898,4.256146,2.905735,3.082067,5.63306,5.409809,2.778055,4.745407,9.386208,3.697652
"TNXB",270.569,165.0046,244.6485,246.7128,314.2305,375.5066,243.771,147.9914,306.8553,269.3516,355.8826,299.8339,317.382,278.0978,431.2953,262.1518,380.098,300.4701,342.3482,522.7597,374.9399,223.665,312.3663,197.492,373.3522,232.2553,332.8652,309.6534,249.8881,403.9198,574.6066,293.3459,380.5866,265.6936,497.5876,267.9525,276.9833,385.8786,328.2217,218.9199,265.151,317.0078,424.5858,242.8688,431.6671,412.1218,334.0501,449.7167,297.4173,245.1569,519.9851,279.5897,327.3808,277.9083,328.0935,356.1222,230.6434,345.025,279.7356,275.4025,243.946,271.1755,331.6306,342.3263,187.7441,281.71,367.5271,230.3609,426.3656,305.259,338.2607,262.4073,292.2229,227.5189,310.3252,342.9424,277.2582,270.0432,290.4764,240.0877,249.7993,308.3777,327.8706,295.9763
"TRIM53AP",2.575338,2.387452,3.176236,3.151861,3.720402,5.546052,2.992827,2.516403,2.310533,9.631128,1.919789,5.583943,2.503778,4.331147,2.341415,9.022011,3.035285,2.926056,2.971898,3.304454,3.237416,2.174401,20.30122,8.907111,7.779488,2.576099,9.196343,54.15333,3.025806,4.185,3.459159,3.531611,10.9471,2.009188,11.923,4.377578,2.960957,7.284744,6.23521,19.55039,2.141045,3.557361,2.078448,4.044941,2.18305,2.982099,7.055161,2.351708,2.318632,7.904776,2.194385,4.330536,2.094511,2.335423,5.345939,5.704882,2.569641,2.675095,2.721934,12.29216,2.220398,5.032666,2.779125,9.195913,2.697705,14.58666,6.630431,2.673782,2.459695,11.30627,2.262346,2.215078,1.920603,5.55679,2.306044,2.082429,2.74482,2.896825,2.439248,17.83062,2.34897,8.388085,1.737669,1.836438
"UNC5B-AS1",2.788188,3.232687,3.373454,8.040935,3.229119,7.455238,5.57025,4.052171,3.450398,3.565688,3.459292,4.843202,2.783382,11.03051,2.7698,4.638709,3.841858,3.216951,3.268521,3.80345,6.704724,2.679694,4.542933,9.905069,3.471772,7.951298,3.446416,2.967779,6.046238,4.641654,4.129437,5.024029,2.310998,3.434755,4.740908,10.62694,3.385975,4.418614,7.120644,3.340894,5.531146,9.224106,2.19306,2.092301,2.458891,8.067934,3.804758,2.685921,4.152407,5.738563,2.417174,4.04265,4.246981,9.937557,5.242125,2.217333,3.1016,2.947792,3.772484,2.385129,2.397688,6.716283,3.902755,5.31319,3.16809,3.618262,4.210819,3.953561,2.927504,3.052472,2.625752,5.038295,2.315248,1.984982,2.676633,6.716298,3.046672,3.1983,3.285013,3.082337,10.63381,3.030476,1.870587,5.26934
"USP27X",94.29212,85.36805,100.4032,107.4604,32.05272,74.98144,79.95109,80.73132,30.38498,116.7721,38.08072,60.34726,58.99687,59.40743,48.31975,78.60384,87.64452,57.98253,41.43723,91.16049,79.22556,61.18047,66.69465,118.865,48.91613,95.95463,35.9231,83.63878,32.63498,87.13225,87.88252,87.67644,56.79453,109.5955,50.12221,58.24267,33.39402,60.07073,66.55771,154.2172,49.00137,88.61434,48.19291,85.93954,71.41743,76.5429,36.49924,33.84647,78.68685,116.2773,39.76363,56.21288,43.77799,80.61651,86.40105,37.13493,74.74146,60.96873,47.44049,92.90445,55.90612,123.6313,68.56805,88.3572,146.2326,102.7277,53.53345,66.04333,66.95006,3.317082,44.08822,90.94154,44.97385,39.68311,57.32342,67.26914,66.57871,59.05219,148.8128,98.47491,60.92894,73.45844,82.40019,51.14693
"WASH7P",54.82606,45.2393,62.17326,57.80794,72.04807,73.04283,68.22502,61.59268,87.93107,87.45877,63.79454,68.02673,100.6183,83.28511,65.19066,78.38416,53.11468,46.68035,72.00771,79.45756,108.4981,65.1095,55.95811,57.00913,77.99422,75.21931,43.85477,59.59237,37.8389,40.90074,91.92275,63.90378,83.59216,79.45719,93.96749,88.75949,59.72684,87.36822,96.10883,92.59514,46.21265,59.55579,74.38893,62.78445,59.97078,80.6711,52.41176,46.5171,49.27551,70.86848,52.79302,37.4407,52.75392,70.72299,70.62675,55.45155,76.98853,111.6421,65.58546,75.50391,59.04981,80.61381,63.60051,54.87643,80.51105,98.22433,96.83497,86.14965,77.79257,66.76902,77.81799,89.65324,64.48399,44.98297,97.97497,115.7504,58.03894,61.35191,74.36776,70.62449,72.11334,63.19106,74.20441,88.20806
"WWTR1-AS1",34.11392,18.51807,32.1405,28.45104,67.88098,56.51521,37.67063,19.08152,44.89,29.99394,57.77397,48.22529,48.50589,43.98973,58.83805,39.74756,48.08064,132.6824,45.06689,49.59748,48.81188,28.15608,34.79651,25.05186,49.64338,38.92125,43.20548,29.76736,38.60014,51.77978,62.89008,40.65723,52.2798,37.65538,61.64354,36.33659,44.20061,65.59989,46.36443,37.70611,33.4939,37.05739,57.40813,34.18162,45.92212,49.16118,41.82319,65.76576,27.44633,20.89259,58.22301,27.73614,68.20305,43.05356,36.5936,43.60048,35.25005,47.8591,41.7758,39.22784,26.19807,29.4321,46.65915,44.929,26.32603,33.78948,50.59978,39.79072,54.97284,42.0201,41.07283,48.15284,43.23697,34.06261,41.25099,44.50798,72.76047,34.86158,40.64628,47.24232,38.46944,34.14155,32.02146,41.0722
"XRCC6P5",5.774916,2.44485,3.235656,3.206919,4.274462,2.932095,3.066086,2.601513,2.760076,3.041889,1.941702,2.819385,2.609283,5.810499,8.380256,2.749181,3.158864,3.005077,3.151291,3.597827,3.41135,33.64308,2.338991,4.297981,4.314905,2.714572,3.207874,71.13778,3.138817,4.296339,3.59219,3.638173,6.29778,5.463282,4.69801,2.225902,3.418857,4.279744,4.603826,2.706802,2.21997,2.740559,3.52049,2.149207,2.307783,3.107502,3.523583,2.492259,3.209829,2.678068,2.272376,2.262953,2.139344,5.914063,2.736836,8.575392,2.686522,2.829313,1.914026,2.930741,2.266564,8.002558,44.37966,3.26845,2.895399,2.728239,2.822468,3.713523,2.676318,3.07436,2.401992,2.316545,1.952928,1.894498,4.237017,2.230689,2.860142,3.000948,2.544811,2.293523,2.451154,2.231482,4.373003,4.548348
"YWHAEP1",19.45299,16.75774,20.19802,26.118,7.220538,9.678636,28.24507,11.91393,8.483932,25.19492,12.94186,17.49874,9.528525,10.94386,10.22738,15.75168,4.566507,10.97023,7.797891,13.81024,4.981711,14.85345,14.11489,20.06241,15.72557,25.52301,7.874808,17.5253,4.746595,14.86419,8.233075,10.18743,17.65386,32.50125,12.18886,22.15729,4.69881,5.968658,13.15948,42.11092,10.01881,19.58775,9.406228,2.661716,18.05412,20.94647,9.511869,8.495686,16.76134,14.53248,8.927112,6.24745,10.14878,24.0576,18.16362,15.42293,6.555648,11.88901,7.157582,25.4772,7.136315,9.792029,16.30218,11.68249,20.50353,22.73255,15.33104,16.95723,10.44168,6.782015,3.673507,14.22346,8.432897,14.72409,8.551889,11.03277,4.895389,8.267688,22.19208,25.53931,8.476073,12.23526,20.95324,15.9201
"ZADH2",193.5243,326.446,229.5185,268.2414,114.5627,98.21223,144.7455,206.775,97.21913,267.0239,113.7657,202.931,147.5039,185.3099,120.4272,263.7938,127.5304,142.4075,86.13221,136.4681,154.7374,191.5237,148.7132,367.6352,128.1995,329.0307,82.38138,184.9692,43.08019,90.84955,155.1362,151.8555,174.2363,308.4544,88.63511,266.1179,91.34765,180.3725,202.3322,421.2372,110.2412,233.5518,106.0058,169.5785,132.295,262.6364,82.25643,71.26091,179.2217,188.7786,86.28251,79.75801,79.59697,273.1231,176.5849,80.82835,177.4053,156.1339,116.9766,278.9548,103.24,182.4779,174.8546,146.9435,292.6492,222.2747,198.7398,287.9022,131.4978,171.8854,123.3231,252.9578,112.0502,127.9717,91.6722,159.3374,177.1363,176.7647,172.9574,316.5843,144.3719,245.9637,133.684,184.1748
"ZNF234",26.87432,35.6429,40.74395,38.12188,17.96226,15.64398,24.19955,24.72838,11.40401,35.55703,12.64857,30.34216,21.30789,25.55662,20.75722,45.23462,18.16663,10.34925,10.32679,10.2841,19.77648,26.79111,18.14697,37.09234,18.62242,35.92102,12.83981,24.89779,3.593316,5.897791,17.6422,16.23023,24.73223,51.5575,17.59783,29.52344,8.835401,18.365,19.8681,45.04792,19.76205,27.77832,10.62307,17.10985,24.45163,26.85301,13.909,11.19966,32.27178,20.48523,10.1332,11.88073,7.438776,40.16955,27.38503,16.06647,21.20696,15.80242,15.17008,39.56813,9.368001,20.07588,16.19265,12.66292,43.79787,32.50176,15.96965,34.50537,18.96115,18.3657,20.95973,31.966,13.22619,16.10779,13.34454,25.1389,21.58901,15.2814,31.20537,36.64564,20.2241,26.4252,22.05085,19.85357
"ZNF557",456.427,406.443,519.7079,338.7592,199.2536,168.2525,310.7505,440.8006,137.9013,321.0358,182.6366,261.6695,260.5186,232.0745,197.7608,307.1513,184.083,153.9101,226.0669,213.7212,213.327,238.3645,376.9592,377.5874,157.8953,341.3672,206.9329,212.7595,150.1185,167.9879,288.3159,208.6313,361.3136,431.3178,231.2576,305.9052,180.4833,229.8784,434.7899,492.0191,172.7187,357.2619,167.3584,256.6656,323.5716,306.4267,205.1288,178.4758,508.097,392.3095,173.3595,162.5165,129.6644,344.4718,260.5826,114.1876,344.8194,194.2843,150.3853,395.2424,227.1431,262.6374,250.7355,205.5867,431.4738,303.0406,276.6528,292.0305,193.9971,186.2693,182.3874,351.6096,193.9173,236.9556,269.6504,186.8604,219.7883,221.2326,305.6824,330.8512,214.3997,312.4261,266.3743,261.2088
"ZNF566",2.704763,3.234111,3.315054,4.441939,2.157661,3.594738,44.56982,2.649182,2.451307,3.04303,2.172792,2.387714,2.627448,14.11451,2.533736,25.38671,3.20612,3.094462,43.84449,3.450395,3.463063,3.079649,2.374403,2.658748,3.197976,2.692528,3.344646,9.469632,3.209084,4.436641,3.598028,3.732789,2.249499,6.787032,2.299813,8.083937,3.16461,4.173492,2.216827,37.41032,2.216867,2.805326,2.120801,2.666955,2.285825,5.354504,3.64882,2.499297,2.508497,2.841444,8.975278,2.320695,2.192223,2.362876,2.090412,2.122017,3.081758,2.829589,2.00163,7.683889,2.313757,6.288087,3.578473,3.315592,4.478758,4.118735,3.300521,3.794963,2.634514,2.692262,2.427318,3.189259,2.004185,3.054091,2.828522,5.391133,3.116893,7.31688,2.548473,2.338686,2.506187,2.26861,1.797369,3.086323
"ZNF726",13.53071,18.97897,12.55063,17.89094,9.325919,13.26121,11.39586,6.151681,4.007312,12.06353,6.383372,29.95255,9.211824,8.663808,7.529859,11.01282,4.651822,7.669237,3.67813,4.33948,9.225991,12.76776,4.414794,13.0954,6.796468,18.40781,3.675797,9.780002,3.706975,12.56322,5.597402,8.974671,8.842502,19.44816,2.663706,8.582081,5.687538,6.95767,16.05601,30.10565,3.628452,13.01233,6.431102,12.68713,7.182456,7.756883,4.040936,2.944754,5.834289,11.01027,3.326324,8.386504,7.330955,16.17777,8.207395,3.359708,6.196233,9.875298,10.34312,15.34167,3.366785,10.4415,8.177274,7.731259,11.08937,6.052441,9.174059,15.40126,3.295208,3.376206,5.184258,11.54946,15.63758,9.598613,2.944897,9.090447,11.71415,7.216157,8.559973,15.02381,5.303325,11.14169,9.167562,11.68141
"ZNF728",11.0443,17.89258,13.32864,26.53805,11.73006,12.19103,22.86299,3.165438,13.53918,21.31407,11.84214,23.75345,12.97478,7.909845,9.008713,31.51617,6.762561,8.430843,3.531461,14.80695,12.76881,12.0772,9.591162,28.54495,3.08185,20.16515,9.046538,11.86048,3.137298,28.30357,8.551273,10.97785,6.252231,35.81371,3.452386,14.12284,4.371016,8.247637,13.63603,37.9078,2.18651,13.73344,6.090231,8.728434,15.65238,18.52541,5.342633,7.543966,10.9224,8.937771,2.26299,2.245473,14.51995,26.61527,15.6773,7.805803,11.1836,11.01094,10.12877,23.84614,14.56476,5.858144,4.50897,6.114038,19.47708,22.14048,19.78378,18.72808,6.715333,7.746739,6.838195,74.11648,8.939421,12.97749,4.506188,18.60395,18.94907,10.80992,9.828296,23.95363,18.53617,40.63719,8.849893,8.985932
"ZNF736",3.321821,8.713052,3.423664,9.146702,5.117402,7.437179,3.266403,2.835979,4.387215,5.622188,5.547069,6.043051,3.677844,7.898775,3.809729,13.27263,3.495522,3.272262,3.548409,4.22412,3.82839,5.59919,2.482081,5.99315,5.01889,11.449,3.555252,2.779339,3.559448,4.742307,3.969112,4.021084,5.301597,15.66342,2.505492,8.33062,3.60706,4.683429,3.583207,15.06632,2.400067,6.517106,4.986091,2.084221,2.63055,5.10205,13.68012,2.820139,2.578985,2.870539,2.50773,2.505951,2.295687,7.301487,4.975066,2.382481,3.062231,3.081297,3.994533,6.59881,2.479005,3.204267,3.304277,3.529178,8.54916,206.2847,2.703834,6.815807,3.847113,3.163188,2.762643,5.020938,3.206476,4.03102,2.838722,7.942573,6.291163,3.320464,3.695587,9.370123,2.738725,5.358266,2.470634,5.663457
"ZNF99",62.76555,71.95625,80.75085,68.64042,40.25857,29.75942,51.58446,20.76172,30.24473,87.97941,30.14209,83.23418,61.64112,31.20638,54.24637,95.98505,26.577,25.15828,26.98911,35.45459,40.51212,47.63921,53.37432,69.20811,26.61988,83.54649,20.56219,42.91696,4.252968,90.72336,32.76762,20.15438,33.74903,114.2969,27.22383,59.34437,14.37134,39.68897,42.69614,121.9642,30.62329,61.50972,27.48605,11.22258,37.77184,59.5305,17.2353,10.70264,24.37206,26.90557,13.85108,16.82501,40.12418,73.34764,47.18986,37.9792,31.0841,31.36584,36.93877,81.09117,34.50106,22.90748,52.68517,30.84159,85.55834,56.7892,16.09299,49.05934,31.87055,26.05996,23.47798,74.89998,26.21087,34.16099,20.20218,92.50469,58.94179,39.03075,36.48271,64.96006,41.10639,67.44254,33.44786,62.77393
